\MEN\Denim\id_00000080\01_7_additional.jpg,tee,tonal,life
\MEN\Denim\id_00000089\01_7_additional.jpg,tank,tonal,athletic
\MEN\Denim\id_00000089\02_7_additional.jpg,tee,stripe,life
\MEN\Denim\id_00000089\03_7_additional.jpg,tee,tonal,athletic
\MEN\Denim\id_00007607\01_7_additional.jpg,tee,tonal,life
\MEN\Denim\id_00000089\04_7_additional.jpg,button-down,tonal,retro
\MEN\Denim\id_00000089\15_4_full.jpg,tee,marled,life
\MEN\Denim\id_00000089\17_4_full.jpg,tank,tonal,athletic
\MEN\Denim\id_00000089\45_7_additional.jpg,button-down,tonal,elegant
\MEN\Denim\id_00000313\01_1_front.jpg,button-down,dot,retro
\MEN\Denim\id_00000565\01_7_additional.jpg,button-down,grid,retro
\MEN\Denim\id_00000867\01_1_front.jpg,tee,marled,life
\MEN\Denim\id_00001231\01_4_full.jpg,tank,animal,athletic
\MEN\Denim\id_00002707\01_1_front.jpg,tee,dot,life
\MEN\Denim\id_00002735\01_1_front.jpg,sweater,tonal,life
\MEN\Denim\id_00002760\01_4_full.jpg,sweater,ringer,life
\MEN\Denim\id_00002760\04_4_full.jpg,button-down,grid,retro
\MEN\Denim\id_00003074\01_1_front.jpg,sweater,ringer,life
\MEN\Denim\id_00003242\01_7_additional.jpg,sweater,ringer,life
\MEN\Denim\id_00003879\01_7_additional.jpg,tank,tonal,athletic
\MEN\Denim\id_00004064\01_4_full.jpg,button-down,tonal,retro
\MEN\Denim\id_00004998\01_4_full.jpg,tank,tonal,athletic
\MEN\Denim\id_00006106\01_7_additional.jpg,tee,camouflage,life
\MEN\Denim\id_00006117\01_4_full.jpg,button-down,grid,life
\MEN\Denim\id_00007524\01_4_full.jpg,tank,dot,athletic
\MEN\Denim\id_00007570\01_1_front.jpg,tee,colorblock,life
\MEN\Pants\id_00000143\02_4_full.jpg,tee,tonal,athletic
\MEN\Pants\id_00000256\02_4_full.jpg,tank,abstract,athletic
\MEN\Pants\id_00000785\01_7_additional.jpg,tee,tonal,life
\MEN\Pants\id_00000844\01_1_front.jpg,button-down,tonal,sweet
\MEN\Pants\id_00001092\03_1_front.jpg,tee,tonal,elegant
\MEN\Pants\id_00001092\02_4_full.jpg,tee,tonal,life
\MEN\Pants\id_00001104\03_7_additional.jpg,tee,tonal,athletic
\MEN\Pants\id_00001105\01_7_additional.jpg,turtleneck,tonal,life
\MEN\Pants\id_00001105\02_7_additional.jpg,sweater,tonal,life
\MEN\Pants\id_00001105\04_7_additional.jpg,henley,tonal,life
\MEN\Pants\id_00001351\01_7_additional.jpg,tee,tonal,elegant
\MEN\Pants\id_00001375\03_7_additional.jpg,hoodie,tonal,athletic
\MEN\Pants\id_00001560\01_1_front.jpg,tee,colorblock,life
\MEN\Pants\id_00001591\01_7_additional.jpg,tank,tonal,athletic
\MEN\Pants\id_00001611\01_7_additional.jpg,tee,tonal,life
\MEN\Pants\id_00002006\08_7_additional.jpg,button-down,tonal,life
\MEN\Pants\id_00002047\01_7_additional.jpg,button-down,tonal,youth
\MEN\Pants\id_00002236\01_4_additional.jpg,tee,tonal,life
\MEN\Pants\id_00002661\01_7_additional.jpg,hoodie,tonal,athletic
\MEN\Pants\id_00002888\01_4_full.jpg,tee,tonal,life
\MEN\Pants\id_00003063\01_7_additional.jpg,tee,tonal,athletic
\MEN\Pants\id_00003301\01_7_additional.jpg,sweater,tonal,life
\MEN\Shirts_Polos\id_00000204\01_7_additional.jpg,button-down,stripe,youth
\MEN\Shirts_Polos\id_00000226\04_7_additional.jpg,tee,colorblock,youth
\MEN\Shirts_Polos\id_00000240\01_4_full.jpg,henley,dot,youth
\MEN\Shirts_Polos\id_00000562\02_4_full.jpg,button-down,daisy,sweet
\MEN\Shirts_Polos\id_00000632\01_4_full.jpg,button-down,daisy,sweet
